chrom	start pos	end pos	ref	obs	oaf
1	85598679	85598679	T	TA	0.0606
11	119293216	119293216	C	A	0.0303
X	119293216	119293216	C	CG	0.0455
1	85589842	85589842	A	G	0.0606
1	85655916	85655916	G	A	0.0758
1	152282684	152282684	G	A	0.0758
1	235577776	235577776	C	T	0.0455
1	236990141	236990141	G	A	0.0606
1	245851609	245851609	C	G	0.0606
1	247752109	247752109	A	G	0.0758
2	26534041	26534041	T	C	0.0606
2	29295186	29295186	C	T	0.0455
2	152515585	152515585	C	T	0.0606
2	152520258	152520258	C	T	0.0606
2	152536299	152536299	T	C	0.0606
2	155555406	155555406	A	G	0.0455
2	160604936	160604936	G	A	0.0758
2	169870004	169870004	G	A	0.0455
3	48965078	48965078	A	C	0.0909
3	132226100	132226100	A	G	0.0606
3	137786409	137786409	A	C	0.0455
3	140178381	140178381	T	C	0.0758
3	142542415	142542415	C	T	0.0455
3	151171329	151171329	G	T	0.0455
3	151598890	151598890	T	C	0.0455
4	13590380	13590380	A	G	0.0455
4	22440018	22440018	C	G	0.0455
4	25849449	25849449	G	A	0.0455
6	3850338	3850338	G	A	0.0606
7	141765172	141765172	A	T	0.0455
7	144061117	144061117	C	T	0.0455
7	151877127	151877127	G	T	0.0909
9	107331452	107331452	G	A	0.0455
9	111618209	111618209	A	G	0.0909
9	113192279	113192279	A	T	0.0909
9	116185655	116185655	G	A	0.0606
9	117826096	117826096	G	T	0.0606
9	119028233	119028233	A	C	0.0606
9	135946690	135946690	G	C	0.0455
9	139256468	139256468	C	G	0.0909
9	139256541	139256541	C	T	0.0909
9	139369066	139369066	G	A	0.0455
9	139401233	139401233	C	T	0.0455
10	5043821	5043821	A	T	0.0606
10	5931230	5931230	C	T	0.0455
11	6898495	6898495	T	C	0.0758
11	71507157	71507157	C	T	0.0758
11	94602414	94602414	C	T	0.0909
11	130784886	130784886	T	C	0.0455
12	10954583	10954583	A	T	0.0455
12	109617728	109617728	A	G	0.0455
12	110013879	110013879	G	A	0.0758
15	75982072	75982072	G	A	0.0606
16	1291548	1291548	C	T	0.0909
16	14029033	14029033	G	A	0.0455
16	15818842	15818842	A	G	0.0455
16	22826046	22826046	T	G	0.0455
17	34871721	34871721	T	C	0.0909
17	34893326	34893326	A	G	0.0909
17	34958598	34958598	G	C	0.0909
17	39334241	39334241	G	C	0.0909
17	62028920	62028920	C	G	0.0455
17	67017930	67017930	T	C	0.0909
18	5397383	5397383	G	A	0.0606
18	57026436	57026436	C	T	0.0606
18	59713173	59713173	A	C	0.0758
18	67721492	67721492	G	C	0.0455
18	67836115	67836115	G	T	0.0455
18	72343156	72343156	A	G	0.0455
19	3834863	3834863	C	T	0.0455
19	35232677	35232677	G	A	0.0909
21	10906915	10906915	C	T	0.0909
8	30688659	30688659	A	G	0.0152
22	30688659	30688659	C	T	0.0758
22	30733787	30733787	C	T	0.0455
22	30951208	30951208	C	T	0.0455
22	38111897	38111897	C	T	0.0455
22	38120542	38120542	C	T	0.0606
22	38121013	38121013	C	G	0.0606
22	46653273	46653273	C	T	0.0455
X	107844666	107844666	G	T	0.0455
X	119297530	119297530	A	G	0.0909
X	129149906	129149906	A	G	0.0606
X	130409697	130409697	A	G	0.0909
X	133963268	133963268	C	T	0.0909
